request_id,hospital_id,blood_type,component,units_requested,request_date,urgency,status,fulfilled_date
4cb5307a-05a2-49a7-8814-a65ae9eb500a,hospital_1,O-,whole_blood,6,2025-07-31,routine,fulfilled,2025-07-31
c77573ea-d84f-4b9a-bd8e-517169ec2ad2,hospital_2,O-,whole_blood,1,2025-07-27,routine,fulfilled,2025-07-29
8989ac59-da34-4767-bbf0-86d65e937e5e,hospital_4,O-,plasma,3,2025-08-02,routine,fulfilled,2025-08-02
5544504b-b3a1-4c85-b038-08744a00afd4,hospital_5,AB-,platelets,3,2025-08-07,urgent,fulfilled,2025-08-07
4c284766-26f9-4118-a42a-b51cdc5447a8,hospital_1,B+,platelets,6,2025-09-09,routine,cancelled,
ef49c742-0362-4867-a900-213e0be66dd9,hospital_5,A-,plasma,3,2025-09-07,routine,fulfilled,2025-09-10
2d159a05-efc9-4aae-ae9c-42d47bd8bc6e,hospital_5,O+,platelets,4,2025-08-08,routine,fulfilled,2025-08-08
a73c6d01-73d5-43aa-9b1d-cc5947899eb0,hospital_3,A+,whole_blood,1,2025-08-08,urgent,fulfilled,2025-08-11
aeadd862-8b2a-4bbe-85b4-b3331189bb10,hospital_3,O+,plasma,5,2025-09-27,urgent,cancelled,
521a3ff1-5dcb-430a-9728-e259724280fa,hospital_3,O-,plasma,1,2025-08-09,routine,fulfilled,2025-08-11
33a9f525-49c4-419c-b585-4630baa04528,hospital_1,B-,platelets,3,2025-07-26,routine,fulfilled,2025-07-26
e23c69fa-8615-43eb-a143-6361035c3699,hospital_7,B-,plasma,3,2025-07-08,routine,fulfilled,2025-07-08
870e90f8-9a38-4a23-9648-f86ebd31c4e3,hospital_1,B+,platelets,4,2025-07-29,urgent,fulfilled,2025-08-01
b7f0d676-169f-4284-9834-1e57de84adbe,hospital_6,B-,plasma,3,2025-09-24,routine,fulfilled,2025-09-27
f779f57f-1fd8-4757-ac02-80b9e9b94c0c,hospital_7,B-,whole_blood,4,2025-08-05,urgent,fulfilled,2025-08-08
39669fd3-f709-4717-b4ba-075c8f2b8f1f,hospital_8,AB-,whole_blood,4,2025-07-09,routine,fulfilled,2025-07-09
5aa0802d-28ab-48ef-931e-ccbf3f8db568,hospital_9,A+,whole_blood,5,2025-07-13,routine,cancelled,
511b78ca-b7db-49bf-906d-b1572145ebed,hospital_8,AB-,plasma,1,2025-09-02,urgent,fulfilled,2025-09-05
b14a6c72-58bb-4c0c-9b12-7f37ed9c4183,hospital_6,O-,whole_blood,1,2025-07-08,routine,fulfilled,2025-07-10
1e4ab6cb-dc0b-4839-bef4-9fafef9f29e9,hospital_9,AB-,platelets,1,2025-09-25,urgent,fulfilled,2025-09-28
ee3d426b-b064-40b8-9d74-fc49a7b6911c,hospital_2,AB+,platelets,2,2025-09-06,routine,partial,
eea35fc9-6ef7-4aee-a112-03d4c213c2fa,hospital_4,AB-,whole_blood,4,2025-09-25,urgent,cancelled,
43b194af-7817-45bd-9dcd-5f9729d89463,hospital_8,O-,platelets,5,2025-07-28,routine,fulfilled,2025-07-28
bd71fdc7-6b0a-4017-8e5f-7e6de80b25a3,hospital_9,O+,platelets,4,2025-07-27,urgent,cancelled,
69ee6035-6099-49f7-99f0-188c594c311d,hospital_3,B+,whole_blood,4,2025-07-08,routine,cancelled,
95c686b0-0e57-4e52-84ad-557b23be74f6,hospital_7,O+,platelets,6,2025-08-30,routine,cancelled,
c67bf3b7-b5b3-4a1c-93de-5027c24d02a7,hospital_8,B+,whole_blood,4,2025-07-15,urgent,fulfilled,2025-07-17
0c3877ba-fee2-4cb2-be12-9139dbcdaccb,hospital_9,AB-,platelets,6,2025-07-22,routine,fulfilled,2025-07-24
27da5b20-a8b4-4d00-87f9-2edb52f4039c,hospital_6,B+,platelets,6,2025-09-08,routine,fulfilled,2025-09-10
c10d25fc-87d3-4146-8840-9797f3ab6dcd,hospital_2,AB-,platelets,4,2025-07-18,routine,fulfilled,2025-07-21
34aa5095-5cbe-41cd-8963-28648cf8914f,hospital_9,AB+,plasma,1,2025-07-26,routine,fulfilled,2025-07-26
dbd88d82-a78d-4576-86bd-dbbf9d266e44,hospital_1,B-,plasma,2,2025-08-25,routine,fulfilled,2025-08-25
378e0e1a-5e6e-4c70-99fd-8a7d7508aca3,hospital_5,B-,platelets,1,2025-08-16,urgent,fulfilled,2025-08-17
54cc5fd8-6c7f-42e1-9d54-07c8d25a422c,hospital_9,O+,whole_blood,5,2025-07-03,routine,fulfilled,2025-07-06
52b611d6-8042-411c-b236-b98bde033dcd,hospital_7,O+,platelets,3,2025-07-22,routine,fulfilled,2025-07-23
4856e867-73eb-43c9-96db-a4e39eda4ead,hospital_10,O-,whole_blood,6,2025-07-02,urgent,fulfilled,2025-07-03
80d99011-37ff-4e69-8758-6f1e876a048f,hospital_4,AB+,plasma,2,2025-07-05,routine,cancelled,
4fcdb33f-d262-4149-b021-2c7bae252beb,hospital_2,O+,whole_blood,4,2025-08-26,routine,fulfilled,2025-08-28
b7b1cded-71cc-41ea-a852-8b17827386b1,hospital_1,AB-,plasma,6,2025-09-11,routine,cancelled,
84ff4319-5972-4d6c-ba97-7d6784ad7783,hospital_10,AB+,plasma,5,2025-07-22,routine,fulfilled,2025-07-24
2f9a07c5-2057-476c-ac18-74f44a20e28f,hospital_9,B-,whole_blood,5,2025-09-22,urgent,fulfilled,2025-09-25
25e1b4ce-8de4-450a-b1ff-1a8b91b552b5,hospital_2,AB-,whole_blood,2,2025-07-08,routine,fulfilled,2025-07-09
cd0754a2-af44-41d5-9db0-a7351b8ef8d9,hospital_10,O-,platelets,6,2025-09-29,routine,fulfilled,2025-09-30
94093beb-069c-4baa-b872-da2d649af7b9,hospital_10,B-,whole_blood,6,2025-08-20,routine,fulfilled,2025-08-20
7173c803-e324-40bc-9f04-d306c1652c36,hospital_7,AB+,platelets,6,2025-08-25,routine,fulfilled,2025-08-27
ead6ea84-0609-4346-bdd9-2dac6927a668,hospital_9,O-,plasma,1,2025-08-24,urgent,fulfilled,2025-08-24
32c9a296-99ef-4dc2-ab2c-8abe648e6d6f,hospital_2,B+,platelets,5,2025-09-30,routine,fulfilled,2025-09-30
e06b9524-bc2b-4f97-a998-1bd1dd7238bf,hospital_7,A-,whole_blood,5,2025-07-03,urgent,fulfilled,2025-07-06
66a9fb85-f5a8-4009-b747-80267865caad,hospital_2,B+,whole_blood,4,2025-08-19,routine,fulfilled,2025-08-20
48c95493-f5ad-4aff-b859-fd8fa152ce43,hospital_5,A-,platelets,2,2025-08-28,routine,fulfilled,2025-08-31
cc43d1cd-0874-464b-aef5-43e15e038d55,hospital_7,AB-,whole_blood,4,2025-07-06,routine,fulfilled,2025-07-06
e54d923a-6c2f-44b7-b48f-87c20ad03414,hospital_10,A+,platelets,1,2025-08-16,urgent,fulfilled,2025-08-18
4a8f1c98-b9c9-4c3a-807c-cb7fd6e99a6b,hospital_10,A-,plasma,4,2025-08-13,routine,fulfilled,2025-08-16
4b1cd00d-aebc-4c9f-9a75-c3ccea8bea65,hospital_3,B-,whole_blood,6,2025-08-11,urgent,partial,
a8c4f925-4c14-4a37-b894-5a76f587012a,hospital_3,AB+,platelets,6,2025-07-10,routine,cancelled,
b4661698-2667-46dc-844d-aa38b2f68702,hospital_9,B+,whole_blood,1,2025-09-30,routine,fulfilled,2025-09-30
626d2a13-e4d1-4855-bd1e-7ab9d1f80dd2,hospital_5,B-,platelets,6,2025-08-17,routine,cancelled,
6b6ec9c9-4798-4cae-aa5e-63c455056c6f,hospital_3,B+,whole_blood,2,2025-07-14,urgent,fulfilled,2025-07-15
6dccc547-957d-488e-b7e2-db4ee9cad600,hospital_10,A+,platelets,4,2025-07-10,routine,fulfilled,2025-07-10
dfd3906b-0bb4-45c1-9750-8d42b2c6b24e,hospital_5,A-,whole_blood,6,2025-07-18,routine,fulfilled,2025-07-19
fec23276-e6df-446a-8eee-e9cd4363a850,hospital_4,A-,plasma,5,2025-09-22,urgent,fulfilled,2025-09-25
674a12e2-2b38-47af-ba91-1bf1feca7981,hospital_6,AB+,platelets,5,2025-09-11,routine,fulfilled,2025-09-13
a22c8e84-c79c-49fb-ae9e-e82dfd263d84,hospital_7,B+,whole_blood,3,2025-08-30,urgent,fulfilled,2025-09-02
8550bfe5-bfe4-4068-8f6b-72a23dadb37e,hospital_5,AB-,whole_blood,6,2025-08-19,urgent,fulfilled,2025-08-21
797fdeb7-ed75-4d4c-a9e4-b2dbd4ad0c98,hospital_5,O-,platelets,1,2025-09-08,routine,fulfilled,2025-09-10
3dc6035d-2ca3-406d-b3c9-db27a8c6aa8a,hospital_3,B-,plasma,6,2025-07-12,routine,fulfilled,2025-07-12
5516567c-3c67-4ed7-9727-e625936487d9,hospital_9,A+,platelets,5,2025-08-10,urgent,fulfilled,2025-08-10
5dbf1716-773d-49ef-9d43-46765a1a2072,hospital_9,AB+,platelets,5,2025-08-01,routine,fulfilled,2025-08-04
f51d5f6e-fcae-4173-abb3-4af3eba15be6,hospital_4,AB+,whole_blood,4,2025-07-28,routine,fulfilled,2025-07-28
89fa6b0b-b239-4ad1-9dc2-4adc7c9edcf8,hospital_4,B+,platelets,2,2025-08-04,routine,fulfilled,2025-08-05
b55d9b50-be74-493f-bd03-354d1b4580e1,hospital_8,AB-,whole_blood,2,2025-07-30,routine,fulfilled,2025-07-31
daf567f6-a170-4da4-87e1-eaacb3f8be5b,hospital_1,B-,platelets,3,2025-08-12,routine,fulfilled,2025-08-12
f8b9bc5a-787a-4354-a7e3-c69fdf91bf01,hospital_1,AB-,whole_blood,6,2025-07-26,routine,fulfilled,2025-07-28
dbbb400f-6975-4878-8703-29e4a881e6a2,hospital_10,B+,plasma,6,2025-08-13,routine,fulfilled,2025-08-13
472a37e3-aff5-4d13-b0fe-664af906916b,hospital_9,AB+,plasma,2,2025-07-26,routine,fulfilled,2025-07-28
1a14e1d9-5ced-4024-a289-ec823f9ef9b6,hospital_8,O-,platelets,1,2025-07-28,urgent,fulfilled,2025-07-29
991645e7-4e1c-44ff-9bc3-f1d269a76c97,hospital_2,AB+,whole_blood,2,2025-09-07,routine,fulfilled,2025-09-07
2a3a37c1-9d64-4ab3-83ea-c7468073674c,hospital_4,O+,plasma,6,2025-09-16,routine,fulfilled,2025-09-17
c307811d-0afb-4969-bffb-a1cef11ea1f6,hospital_10,B+,platelets,4,2025-09-28,routine,fulfilled,2025-09-29
eee38cc1-cab1-4044-97ca-466a3a047802,hospital_3,A+,platelets,2,2025-09-23,routine,cancelled,
433f18ca-ae60-448c-8851-20edcb5503f9,hospital_7,A+,platelets,6,2025-07-08,urgent,partial,
e622fba8-acfe-4173-a2bb-c2d60fee407b,hospital_10,O-,plasma,2,2025-09-02,urgent,fulfilled,2025-09-03
23601815-95f7-491a-b2e3-a2391ab0a254,hospital_10,AB+,whole_blood,6,2025-07-05,routine,fulfilled,2025-07-05
c9a7f11c-fc01-436d-8d41-9b0a5030d2f6,hospital_4,O+,plasma,2,2025-09-17,routine,fulfilled,2025-09-20
cb7522b0-90f1-43ac-b2ed-63d27b012788,hospital_3,A-,whole_blood,4,2025-07-14,routine,cancelled,
6ae62a13-f6f5-4394-b9eb-d69d4d5c9fb3,hospital_2,A-,plasma,6,2025-09-14,urgent,fulfilled,2025-09-14
e7c1ce1a-4a47-4f7d-a752-c70c02efc403,hospital_7,O+,plasma,1,2025-07-03,routine,fulfilled,2025-07-06
4f02145a-0a7e-4133-9411-848b84afd287,hospital_7,AB-,platelets,6,2025-07-03,routine,fulfilled,2025-07-05
ac6a4bd3-4ee9-43e4-8684-ab672cc73dbe,hospital_8,B-,whole_blood,3,2025-07-16,urgent,fulfilled,2025-07-17
8c7ff44d-293f-491b-99bd-9c7b1e041a70,hospital_1,A+,platelets,5,2025-09-15,routine,fulfilled,2025-09-16
29806249-d6bf-4e65-8103-7aee42e9cc04,hospital_6,O+,plasma,1,2025-09-11,routine,fulfilled,2025-09-13
d7b9ec43-e112-42b0-869f-73a8700a3334,hospital_9,O+,platelets,3,2025-07-14,routine,fulfilled,2025-07-15
a7ec788d-c30e-490b-abe8-1f53cd6f5d04,hospital_7,O-,whole_blood,3,2025-07-21,routine,fulfilled,2025-07-23
f0b7e7e6-fac7-4f6a-bbcd-65119d1d2046,hospital_10,AB-,platelets,4,2025-09-13,urgent,fulfilled,2025-09-14
38aab80f-38d7-49d9-9978-9315ec3bd5b0,hospital_8,B+,whole_blood,2,2025-07-27,routine,fulfilled,2025-07-27
0f01983d-8d2e-4254-9bd9-a110df512973,hospital_3,O+,platelets,1,2025-09-19,urgent,fulfilled,2025-09-22
a20ad797-e40e-4fc9-b4bd-d6617830528a,hospital_2,A-,plasma,2,2025-08-14,routine,fulfilled,2025-08-17
8129c597-7961-462e-917c-6b25bd31200f,hospital_7,AB+,platelets,5,2025-09-23,urgent,cancelled,
2e3a16dd-5388-45ee-8cc9-8bfdffa0da44,hospital_8,A+,whole_blood,6,2025-07-26,routine,fulfilled,2025-07-27
ae15fb4b-722e-444a-a5fa-f114486c34db,hospital_10,B+,platelets,1,2025-08-15,routine,fulfilled,2025-08-16
c9502fda-0d3d-4a99-afba-7d91c83dd6f9,hospital_2,AB+,plasma,3,2025-07-07,routine,fulfilled,2025-07-07
343b21d5-bbc5-4e0f-9016-0ca2db04e421,hospital_2,A-,platelets,3,2025-07-21,urgent,fulfilled,2025-07-23
bb9575bb-c76f-42af-a2b7-b279b0ebabcb,hospital_4,B-,plasma,4,2025-07-19,routine,fulfilled,2025-07-19
0987eee0-4ec8-49f2-b890-9d7b25cc726f,hospital_9,A-,platelets,3,2025-08-18,urgent,fulfilled,2025-08-20
68a04b28-bb8d-4c7e-b66b-dec9d9dd7821,hospital_9,AB+,platelets,4,2025-08-13,routine,fulfilled,2025-08-15
e127c1f9-a2c5-4e7c-abda-696971c4658c,hospital_8,O-,platelets,1,2025-07-31,routine,fulfilled,2025-08-01
ba324d67-fd4b-4fbf-b2ab-6ef1920f9027,hospital_4,AB-,plasma,3,2025-07-26,routine,fulfilled,2025-07-28
e4e2f0d0-c026-4eb7-9ec3-be1b7126fdfb,hospital_4,AB+,whole_blood,4,2025-07-06,urgent,fulfilled,2025-07-07
5be9fe35-ecfe-4683-865c-bc8194eb5a95,hospital_8,AB-,plasma,2,2025-07-19,routine,cancelled,
badeb38f-8b21-47d8-8429-b5c65a25f9b2,hospital_4,O-,platelets,2,2025-08-31,urgent,partial,
e4bda395-70f7-4c47-a3c3-e1c72df540e4,hospital_4,B-,platelets,3,2025-09-11,urgent,fulfilled,2025-09-11
a2b6ae95-0de2-4dc8-9627-3e404d2c52c2,hospital_8,A+,platelets,1,2025-07-31,routine,fulfilled,2025-08-02
766a3d42-d714-41a6-aa42-fbb3291f77a7,hospital_8,B+,platelets,3,2025-08-11,routine,fulfilled,2025-08-11
65eb5b2c-d291-4c64-afaf-91c6c1e5809d,hospital_9,O+,plasma,5,2025-09-26,routine,fulfilled,2025-09-27
fe79007b-d24d-45c0-b097-11857884230c,hospital_8,A-,platelets,5,2025-08-03,routine,fulfilled,2025-08-04
bfc23371-0c9e-495a-841b-4402f334365e,hospital_7,A-,plasma,3,2025-07-14,urgent,fulfilled,2025-07-16
d028109e-82a1-4734-8387-56eeb87e570d,hospital_4,AB+,plasma,5,2025-08-18,routine,fulfilled,2025-08-19
dcbba70a-9019-4843-98c1-3c054167cc44,hospital_7,AB-,plasma,4,2025-08-26,routine,fulfilled,2025-08-27
a720c42a-403c-4e59-bb42-3048d1ad3dee,hospital_2,AB+,whole_blood,5,2025-08-06,urgent,fulfilled,2025-08-07
0fc57292-f280-4ead-b401-729313e684c9,hospital_8,A+,whole_blood,4,2025-07-29,routine,cancelled,
794bc234-0d1d-4665-aecb-d30588fb97e6,hospital_9,AB-,plasma,3,2025-08-29,routine,fulfilled,2025-09-01
a1f2f84c-34e5-416d-aa72-0f00cb02e16c,hospital_2,B+,whole_blood,2,2025-08-29,routine,fulfilled,2025-09-01
1664ee62-3877-45eb-a58e-00e1161d9ab9,hospital_6,AB+,plasma,3,2025-07-21,routine,fulfilled,2025-07-23
b4c915a2-7b35-4db2-9558-cb07888d1e03,hospital_1,O+,whole_blood,3,2025-07-06,emergency,fulfilled,2025-07-07
55c7d06e-e934-45e1-be90-cd62e57d27f3,hospital_5,AB-,plasma,6,2025-07-27,routine,fulfilled,2025-07-27
91d8a7af-1be0-43e8-a859-c8733dd489ef,hospital_7,AB+,plasma,6,2025-09-12,urgent,fulfilled,2025-09-14
2e18c114-5872-4614-88fe-2f9222322e1c,hospital_7,O+,whole_blood,1,2025-09-10,routine,fulfilled,2025-09-12
60679b9b-9d0c-49a8-934a-7e5ed42dc763,hospital_5,O+,plasma,4,2025-08-15,urgent,fulfilled,2025-08-18
940f8f21-a62a-4c15-8fc2-14f0a3259421,hospital_7,B+,whole_blood,1,2025-09-14,urgent,fulfilled,2025-09-14
6bf47598-3fdf-4ec4-aa7b-771a9dca7d88,hospital_4,B+,plasma,1,2025-09-18,routine,cancelled,
73267213-8fe7-436c-ab55-b1cfaf161294,hospital_1,O+,platelets,1,2025-09-17,routine,fulfilled,2025-09-20
88173a4b-8e91-4830-88c1-b61b3fecc42e,hospital_5,B-,whole_blood,6,2025-08-25,routine,fulfilled,2025-08-26
aa225573-da26-4294-9826-7ac9729cc70e,hospital_1,A+,platelets,3,2025-08-20,urgent,fulfilled,2025-08-22
fe1339fa-da60-4664-9fce-2e6b840cc44d,hospital_9,O-,whole_blood,6,2025-07-23,routine,fulfilled,2025-07-26
a45e8318-ec30-4386-bf4a-5c943e9881d2,hospital_9,AB+,plasma,4,2025-07-23,routine,fulfilled,2025-07-25
d6398332-84aa-49ab-a4f0-34b1b5998fdb,hospital_6,O+,plasma,2,2025-08-23,routine,fulfilled,2025-08-24
20eaef0b-d205-421f-90da-5576c8da1b31,hospital_6,AB+,plasma,5,2025-09-29,routine,fulfilled,2025-09-30
c3f72d67-89df-4ab6-86a3-aec7ab463785,hospital_5,A+,plasma,3,2025-07-16,routine,fulfilled,2025-07-18
a23124a1-b27e-4271-9ea5-9f0197639beb,hospital_4,O+,platelets,4,2025-08-11,routine,fulfilled,2025-08-14
82062bc9-8519-489d-a4c5-511493a503b2,hospital_7,B-,plasma,1,2025-08-07,routine,fulfilled,2025-08-09
f16a6ba5-3f38-4f51-978c-4e0ef0d0d1ce,hospital_5,AB+,plasma,2,2025-09-22,routine,fulfilled,2025-09-25
f3510797-87e6-4706-ada9-43d88190b78c,hospital_10,O-,plasma,6,2025-07-13,routine,fulfilled,2025-07-14
d683700d-601b-4a70-8c64-079f3a89423d,hospital_1,A+,whole_blood,1,2025-08-25,routine,fulfilled,2025-08-25
d05039a7-368f-4d19-9b40-8c114e0b3bbf,hospital_4,A-,whole_blood,1,2025-07-29,routine,fulfilled,2025-08-01
bf35d6c4-0a67-482e-ba1d-3e465ee9e6eb,hospital_6,O-,platelets,1,2025-08-19,routine,fulfilled,2025-08-20
6a19bc6c-696b-47da-aef0-4067d670b3e1,hospital_1,AB+,plasma,1,2025-07-23,routine,fulfilled,2025-07-25
8ea24d3b-edf9-4b60-948b-d44bcda40d83,hospital_7,A+,whole_blood,6,2025-08-30,routine,partial,
a91938ee-bd18-400b-bf4f-06fa2f14301a,hospital_1,B-,plasma,6,2025-09-18,routine,partial,
1193f11e-d667-4e90-a7d3-3350bf4ac47a,hospital_5,AB-,whole_blood,6,2025-09-25,urgent,fulfilled,2025-09-25
6c2d929b-3caa-4a17-b0e1-0be0cab402b6,hospital_5,O-,platelets,3,2025-09-05,routine,fulfilled,2025-09-06
96b2b094-7f06-430f-bc10-2510995d252b,hospital_2,B-,platelets,4,2025-08-20,routine,fulfilled,2025-08-20
fdd327a0-e67c-4359-b794-7697b247283c,hospital_7,B-,whole_blood,1,2025-07-18,urgent,fulfilled,2025-07-19
ac70ba65-b8be-4c5a-b587-80ea21449050,hospital_6,A-,whole_blood,2,2025-07-29,routine,fulfilled,2025-07-29
bfc7eaf5-4a10-4078-b49b-2be033bc5eb7,hospital_1,AB-,platelets,2,2025-07-03,routine,fulfilled,2025-07-06
8e48f89d-d24a-406d-98f4-7e85b506042f,hospital_4,AB-,platelets,6,2025-08-17,urgent,fulfilled,2025-08-18
3f477f90-938c-4f8c-80f0-d6ee91c15c20,hospital_1,O+,plasma,6,2025-09-13,routine,fulfilled,2025-09-16
d4644ce0-b00f-462b-afc6-63752e21554b,hospital_9,AB+,platelets,6,2025-07-30,routine,fulfilled,2025-08-01
6f4f394f-b401-4034-be6a-78a153f0dd01,hospital_6,O-,plasma,5,2025-07-22,routine,fulfilled,2025-07-25
5cd182f2-3f0f-436d-a165-cc0bc0af1d31,hospital_5,AB+,platelets,3,2025-08-03,routine,fulfilled,2025-08-06
73e00c4e-98af-4a53-8c97-55e364cca3c9,hospital_3,A+,platelets,3,2025-07-13,routine,fulfilled,2025-07-16
2b035733-406d-4e27-ac1b-7716648bfe72,hospital_4,O-,platelets,2,2025-07-14,routine,fulfilled,2025-07-16
99783411-2920-4ad7-8364-6b4c03b69903,hospital_2,A-,platelets,6,2025-09-22,routine,partial,
0e798136-fa67-411c-8aa5-8763f4aa4066,hospital_1,B-,whole_blood,4,2025-09-06,routine,fulfilled,2025-09-09
698bd71f-bf3d-4c49-8f84-03f6948cf6b6,hospital_8,AB+,whole_blood,3,2025-09-02,routine,fulfilled,2025-09-03
b7a1406c-7224-4a19-a17c-894c17cc89d8,hospital_8,A-,plasma,6,2025-09-23,routine,fulfilled,2025-09-26
a8bcae22-d609-4634-9215-3146ffce20d1,hospital_6,A+,platelets,3,2025-07-25,routine,fulfilled,2025-07-27
8f6ed0c4-2135-4c70-b7e5-e832f843a24c,hospital_2,B-,platelets,1,2025-09-18,urgent,fulfilled,2025-09-19
5cb1bae4-d01a-4989-8cc9-79dc6d3039b0,hospital_4,B-,platelets,6,2025-09-08,routine,fulfilled,2025-09-08
43c87674-0340-496e-a6a1-cf1b66123e21,hospital_10,AB-,platelets,4,2025-07-03,routine,partial,
216a9b68-e31d-4004-91d1-66b986ba2adc,hospital_3,O+,platelets,3,2025-07-08,routine,partial,
0eda6070-f63f-4179-801b-54e7956395c4,hospital_6,AB-,platelets,3,2025-08-14,routine,fulfilled,2025-08-16
0f76f177-a8c6-44a5-be17-37af864d85ff,hospital_10,B-,platelets,5,2025-09-03,routine,fulfilled,2025-09-05
9d6e5780-ca5c-4b86-a492-f4bf34630da6,hospital_6,O-,plasma,4,2025-09-30,urgent,cancelled,
d127a73b-49ed-4f82-a5b0-70ae7c2d6e84,hospital_9,B+,plasma,1,2025-08-23,emergency,fulfilled,2025-08-25
f220a277-fecd-4b19-a35c-e361ac4e5948,hospital_1,AB+,platelets,5,2025-07-21,routine,fulfilled,2025-07-21
f1f94a62-a4cb-4a8c-9ae1-13d07b5d89bf,hospital_1,O-,plasma,2,2025-09-13,routine,partial,
2562db6d-941c-4682-b589-31adc8e3f982,hospital_5,AB+,whole_blood,5,2025-08-10,routine,fulfilled,2025-08-10
1ba5b922-b666-4da9-972f-7feabaaa25fe,hospital_6,O-,whole_blood,4,2025-07-04,urgent,fulfilled,2025-07-04
a4610937-2395-47d3-981d-72dee98681c2,hospital_10,AB+,whole_blood,6,2025-07-19,routine,fulfilled,2025-07-21
54816b9d-113d-4aae-9886-c7f09388e4d1,hospital_6,O+,plasma,1,2025-09-01,urgent,cancelled,
65fbb8fc-6547-42b9-bcc2-1ec64a28d0d3,hospital_7,A+,plasma,5,2025-09-25,routine,fulfilled,2025-09-27
bf6778bb-b5f3-44da-aca5-0101729a1343,hospital_9,B-,whole_blood,1,2025-07-06,urgent,fulfilled,2025-07-09
c875e717-c88b-4749-b609-10f2bd3355f9,hospital_10,A-,whole_blood,4,2025-08-24,urgent,fulfilled,2025-08-26
61fcb0ef-0bbd-476a-a1b8-ff636d87d27f,hospital_2,O-,platelets,6,2025-09-24,routine,fulfilled,2025-09-27
0d94bacc-c532-48f7-b881-8ceb346c3e48,hospital_9,O+,platelets,2,2025-09-13,routine,fulfilled,2025-09-16
f0ceef1d-07b6-4be5-b053-4f858a7e157d,hospital_10,B-,platelets,5,2025-07-25,routine,fulfilled,2025-07-28
d728181d-990e-4bae-9312-76c36063cf11,hospital_6,A-,whole_blood,6,2025-08-09,routine,fulfilled,2025-08-11
9491081e-eee1-4ad8-b7ef-1848e0b0e36b,hospital_6,A+,plasma,2,2025-08-17,routine,partial,
88e9e28e-ce84-4646-b59b-2b15c1a3cd26,hospital_3,O-,whole_blood,2,2025-09-05,routine,fulfilled,2025-09-05
aa21c7e0-2a34-4883-ba63-59d387894386,hospital_2,A+,whole_blood,5,2025-09-12,urgent,partial,
da116ff0-547e-417b-9835-4e20dbfb4fdb,hospital_2,AB+,plasma,4,2025-09-28,routine,fulfilled,2025-09-29
990e0b6d-741f-4169-bedc-2425497f0ab0,hospital_4,AB+,platelets,4,2025-07-13,urgent,fulfilled,2025-07-13
7c598cd9-3ac2-47c9-81f9-714c57670722,hospital_7,A+,plasma,2,2025-09-23,routine,fulfilled,2025-09-25
385c5890-04ee-4e0a-bed6-f564d196c9ce,hospital_1,O-,platelets,1,2025-09-22,routine,fulfilled,2025-09-24
fa51ba1d-a634-4d06-a80b-bf97e4353c95,hospital_2,A+,plasma,6,2025-08-12,routine,fulfilled,2025-08-12
86c7e6e6-8348-46c8-b316-82e6fa2b6656,hospital_6,O-,platelets,5,2025-09-19,routine,fulfilled,2025-09-22
8d93ade1-63d8-4c9b-82ef-3985d0110a85,hospital_9,A+,whole_blood,2,2025-07-25,routine,fulfilled,2025-07-26
b63ad32e-1369-4879-9988-b03b7d29d115,hospital_1,AB-,platelets,3,2025-08-16,routine,fulfilled,2025-08-18
476c6bfc-e37a-46ae-b589-0109a013ee16,hospital_1,AB+,plasma,1,2025-07-21,urgent,fulfilled,2025-07-23
054c69b5-0eb5-457b-a04d-1aaf64af04e8,hospital_7,B+,whole_blood,6,2025-08-13,routine,fulfilled,2025-08-14
fbcf6090-7e71-412d-8c7c-2a2de3653740,hospital_7,B-,platelets,2,2025-08-07,emergency,partial,
9627629b-4b87-414c-a298-195da7a5fc0c,hospital_9,B+,whole_blood,6,2025-09-13,routine,fulfilled,2025-09-14
f5401108-2a8f-4307-abba-4395b7a2f52a,hospital_3,AB+,platelets,6,2025-07-25,urgent,fulfilled,2025-07-26
70a5f6de-0ea5-476c-88d9-54d54ccaf805,hospital_10,B+,plasma,1,2025-07-21,routine,fulfilled,2025-07-22
0255b658-e06c-4878-b392-9e1a717cbc30,hospital_6,B+,platelets,1,2025-08-21,urgent,fulfilled,2025-08-24
d8eca42d-30d7-4c35-bc57-a0f9edae98db,hospital_5,O-,platelets,6,2025-08-26,routine,fulfilled,2025-08-27
80b43c0e-2798-4373-926d-8f9cb74531fd,hospital_3,A+,platelets,5,2025-08-27,routine,fulfilled,2025-08-28
f3b5b706-2afe-4138-8b5e-8fc945cb8fd6,hospital_4,A+,plasma,1,2025-07-04,urgent,fulfilled,2025-07-07
7319d638-cad6-4cf6-b061-5685ecc76a4c,hospital_6,B+,plasma,4,2025-08-01,routine,fulfilled,2025-08-01
999587f9-71e1-48fc-ad81-006342d9c20c,hospital_7,A+,plasma,4,2025-09-02,urgent,cancelled,
7eb2bb20-8874-4ada-8cbf-e9554f39be84,hospital_2,B+,plasma,5,2025-07-30,routine,cancelled,
78699494-0f4d-4680-b888-f0c6d906f503,hospital_7,O+,whole_blood,5,2025-08-13,urgent,fulfilled,2025-08-13
e814644d-4e34-4073-8250-dea7cb78b474,hospital_9,A-,plasma,4,2025-09-25,urgent,fulfilled,2025-09-28
67e7393c-07ec-4939-bfa0-60ab86c19f99,hospital_1,O+,platelets,6,2025-09-24,routine,fulfilled,2025-09-26
10001e62-9a5d-4144-8dd2-4ca768aade71,hospital_5,O-,whole_blood,4,2025-08-24,routine,fulfilled,2025-08-25
60940ab4-78e5-4064-b74b-3575e5b4f516,hospital_8,O-,whole_blood,6,2025-07-28,routine,fulfilled,2025-07-29
4534c69d-d289-4d6f-a297-a42b5d53249a,hospital_7,O+,plasma,4,2025-09-27,routine,fulfilled,2025-09-28
5ba82b37-4521-4b7c-9fd4-50a729ec6579,hospital_8,A-,plasma,3,2025-07-04,routine,fulfilled,2025-07-05
e8245b1a-7cf6-4370-b6e2-4a1a483a8265,hospital_2,A-,whole_blood,6,2025-08-04,routine,fulfilled,2025-08-07
c3f109b1-3bbe-4ecf-8bbd-8ed12eff6ea7,hospital_9,B+,plasma,5,2025-08-13,routine,fulfilled,2025-08-15
53648a60-d4bf-4aeb-a931-73516ace94cc,hospital_10,B+,whole_blood,2,2025-09-08,urgent,fulfilled,2025-09-10
b95993a9-11c0-49ef-94d1-33df6476325c,hospital_5,O-,plasma,6,2025-09-07,routine,fulfilled,2025-09-08
2099373e-11dc-4a1c-8f80-02a3a4d82029,hospital_1,AB+,whole_blood,4,2025-07-29,urgent,fulfilled,2025-07-29
56c3f768-22d5-4490-8d67-c07f42083bf5,hospital_10,O-,whole_blood,2,2025-07-17,routine,fulfilled,2025-07-20
af601ce6-00c2-41df-a932-15508551edcb,hospital_2,A+,whole_blood,5,2025-08-26,routine,fulfilled,2025-08-27
e1d7fd5e-0c58-497c-97f4-e52403430227,hospital_1,B+,whole_blood,1,2025-07-09,routine,fulfilled,2025-07-09
fbeccbcf-ddb4-496d-be59-cb1cf53702e3,hospital_10,AB+,plasma,1,2025-09-24,routine,partial,
cb75e0e0-59d1-4c63-9e98-9f1b19a14884,hospital_5,B+,plasma,6,2025-07-18,routine,fulfilled,2025-07-20
8988e711-3454-4539-934c-295725ff238a,hospital_6,AB-,plasma,1,2025-08-07,urgent,fulfilled,2025-08-10
232a8c42-fb27-4c05-a8bf-78b8808bf418,hospital_3,A-,platelets,3,2025-08-19,routine,fulfilled,2025-08-20
9bd0a443-de79-45bd-91bd-a9b31c00782f,hospital_10,A+,whole_blood,5,2025-07-12,routine,fulfilled,2025-07-14
b16ce324-fcba-4060-827b-69a9bea1ec66,hospital_7,AB-,plasma,5,2025-07-19,emergency,fulfilled,2025-07-20
d19003fc-45c7-4491-9f9b-6d2a57706587,hospital_10,O-,platelets,6,2025-07-12,routine,fulfilled,2025-07-13
641727be-0043-4c8b-ac7d-3171d1c78414,hospital_5,B-,whole_blood,1,2025-09-27,routine,fulfilled,2025-09-28
3e2459b7-1822-49b7-9ce0-fce23387079b,hospital_10,O+,plasma,1,2025-08-19,routine,fulfilled,2025-08-20
59b06234-e4de-45ea-8017-c4e5c4d117c5,hospital_1,B-,platelets,3,2025-08-29,urgent,fulfilled,2025-08-31
b974c592-7a11-4412-ad6c-857bf64de23e,hospital_1,A-,platelets,3,2025-08-18,routine,fulfilled,2025-08-18
1387208a-fa99-4b7e-bc8b-a1373681748b,hospital_3,B-,plasma,3,2025-07-06,routine,fulfilled,2025-07-06
cc374376-0678-4c7b-90c2-44c1d2802a9d,hospital_3,O-,whole_blood,6,2025-08-03,urgent,fulfilled,2025-08-05
feed9284-17cd-4bf9-b17f-d0e772dd223c,hospital_8,O+,platelets,1,2025-07-26,routine,fulfilled,2025-07-28
dbc6d70a-15b3-4958-baf1-f9a76389874b,hospital_9,A+,whole_blood,5,2025-07-05,routine,cancelled,
8d840e2d-55c4-45e0-8dd6-dfe8e39b9c96,hospital_2,B+,plasma,1,2025-08-18,emergency,fulfilled,2025-08-19
98112f51-b4af-4db1-ae5d-24b283ea6c22,hospital_10,O+,whole_blood,5,2025-09-16,urgent,fulfilled,2025-09-18
d32136b7-a5d5-4c9b-a3c9-817d208740d4,hospital_1,AB+,plasma,1,2025-07-29,urgent,fulfilled,2025-07-31
ec5516b2-4d19-453e-b733-1fff13994f27,hospital_4,AB+,whole_blood,1,2025-08-14,urgent,fulfilled,2025-08-14
e178df6f-b9e5-4d8d-9201-b7fe98f0cd3e,hospital_8,A+,plasma,5,2025-09-11,routine,cancelled,
12f7e8d8-bd25-44e9-b48c-5385f7152c44,hospital_9,AB+,plasma,2,2025-09-18,urgent,cancelled,
659560ec-1d1c-4441-a7bc-4d6b803fbf30,hospital_3,B-,platelets,1,2025-08-03,routine,partial,
578122a8-da58-4b07-b416-0efb6e5839a9,hospital_5,A+,platelets,5,2025-09-19,routine,partial,
dafcdd90-db77-4cd7-a1b6-cdbd33bbb04a,hospital_5,A+,platelets,3,2025-07-11,urgent,fulfilled,2025-07-12
29c24e10-4355-4cc3-a762-30fd1e412612,hospital_5,AB+,platelets,3,2025-08-05,routine,fulfilled,2025-08-06
112c78da-3c06-44d2-8a73-c17d697aa870,hospital_5,A-,whole_blood,5,2025-07-21,routine,fulfilled,2025-07-23
6611cf11-85d0-40e5-8e3f-115af56d7a79,hospital_9,AB-,plasma,2,2025-07-02,urgent,fulfilled,2025-07-03
4ec29417-7721-4861-b233-4b74ec655113,hospital_2,AB+,platelets,3,2025-07-23,routine,fulfilled,2025-07-26
c3524b74-ac8a-4b2e-8984-2122f4de1a77,hospital_1,A-,plasma,1,2025-09-19,routine,fulfilled,2025-09-22
9351841b-f5ef-4d1a-a389-e7eea8e7b3dc,hospital_10,AB-,plasma,3,2025-09-05,urgent,fulfilled,2025-09-05
fffd0179-7650-46df-a689-94d8b60b945a,hospital_8,B+,whole_blood,6,2025-08-02,routine,fulfilled,2025-08-05
e138df96-66c5-4fa5-b73b-b79068771833,hospital_8,B-,whole_blood,2,2025-07-14,routine,fulfilled,2025-07-15
4d23e8e5-31dc-4271-80b1-63db03ba4d57,hospital_6,AB-,plasma,4,2025-09-27,routine,fulfilled,2025-09-30
ca066182-23dd-4e6f-91b8-0477b9269f32,hospital_8,B+,plasma,3,2025-07-15,routine,fulfilled,2025-07-18
ac94b78f-845a-4a11-8d8c-a2820eee791e,hospital_2,AB-,platelets,6,2025-09-21,urgent,fulfilled,2025-09-24
e34f8e6a-ab76-48e8-9c14-f298df9d2ed8,hospital_10,O+,whole_blood,5,2025-08-30,routine,partial,
a8b69e5a-0604-429a-ae03-9f6a488f9a9a,hospital_6,B-,platelets,5,2025-08-06,urgent,fulfilled,2025-08-08
c14e9bd2-185c-45a8-a645-350fa069b91b,hospital_9,B-,whole_blood,6,2025-07-07,routine,cancelled,
6bf0779e-8510-438d-a4fe-e0a874ce51b8,hospital_8,A-,platelets,5,2025-08-02,routine,fulfilled,2025-08-05
67543029-abc6-45ce-b43b-2228c1e5b97f,hospital_3,AB+,plasma,1,2025-07-16,routine,fulfilled,2025-07-19
c5d27603-511b-459b-b83e-75d1e5c465fc,hospital_6,O-,platelets,6,2025-09-23,routine,fulfilled,2025-09-23
3a83625f-d0af-4e23-b06f-b0a3bc5d505e,hospital_3,B+,plasma,5,2025-08-24,routine,fulfilled,2025-08-25
11e9e962-b8c0-4729-880f-ff318a052541,hospital_4,AB-,plasma,5,2025-07-06,routine,partial,
964e832c-0a18-4c93-b98c-5902f0725b52,hospital_6,A-,platelets,1,2025-07-14,emergency,fulfilled,2025-07-15
d2007892-5bdd-4cef-9a85-be73a6cb2485,hospital_5,A+,plasma,5,2025-09-24,routine,fulfilled,2025-09-26
f36e13e8-d782-4605-9fa6-6eb9ed024a38,hospital_2,AB+,whole_blood,2,2025-08-06,urgent,fulfilled,2025-08-08
9a765ef8-43e8-4849-871d-7580960055a6,hospital_7,O+,plasma,4,2025-07-23,routine,fulfilled,2025-07-24
0cad93e1-5a6d-46e8-a05e-3eab890d2e2e,hospital_4,O+,plasma,4,2025-09-11,routine,partial,
412364b7-187d-41b6-adfa-e477437ab092,hospital_1,A-,platelets,1,2025-09-12,urgent,fulfilled,2025-09-15
b2be0c7a-fa44-4994-ba61-7562d65e0305,hospital_3,A-,whole_blood,6,2025-08-08,urgent,cancelled,
d1485790-5ee9-4249-b617-e7cd42b2546d,hospital_7,B+,plasma,5,2025-08-07,routine,fulfilled,2025-08-09
66af5bf9-5632-4174-ba7d-9c07abc7e52f,hospital_4,B+,plasma,5,2025-09-30,routine,partial,
04e6f7f7-315b-4351-923d-14bcce3c2abd,hospital_9,AB+,plasma,5,2025-07-19,routine,cancelled,
5e0a4b38-adfc-4251-857b-7fcaf448c6c7,hospital_6,A-,platelets,4,2025-07-04,routine,fulfilled,2025-07-06
6a8c10cc-236a-46a6-ba4b-a25775790f24,hospital_8,A-,platelets,5,2025-09-19,routine,fulfilled,2025-09-19
ab6dcc4b-d35e-454a-abe5-43e0309892f6,hospital_9,AB+,platelets,1,2025-08-18,routine,fulfilled,2025-08-21
27d5480f-ae4a-49bb-a180-93899d4ff5ec,hospital_9,O-,platelets,6,2025-08-19,routine,cancelled,
df51b324-7320-4d0f-bead-402ae52b3696,hospital_5,B+,whole_blood,6,2025-07-16,urgent,fulfilled,2025-07-18
3dfdebab-8fd5-440d-b547-529d8417ef74,hospital_1,O-,platelets,2,2025-07-19,routine,cancelled,
b4df4752-6e59-45b7-9253-09befb857230,hospital_10,A+,plasma,4,2025-09-20,routine,fulfilled,2025-09-22
12fadb71-0337-4d48-87f1-ce76122e55eb,hospital_5,B+,platelets,3,2025-08-26,urgent,fulfilled,2025-08-26
8728cedf-37c3-4357-a893-f14dce3a277d,hospital_10,B+,platelets,6,2025-09-11,routine,fulfilled,2025-09-12
297526ad-18ba-4c98-8e5e-93f37b13074d,hospital_5,B-,plasma,2,2025-07-25,urgent,fulfilled,2025-07-25
1262882d-5556-46ea-8629-5a063eb7c728,hospital_3,B+,plasma,4,2025-08-12,routine,fulfilled,2025-08-13
8b5f1a41-b43f-4e56-84e4-2403964dcf55,hospital_4,AB-,whole_blood,6,2025-08-28,urgent,fulfilled,2025-08-29
75a71714-c8aa-4377-84e7-c620722d83b7,hospital_8,O+,plasma,3,2025-08-01,urgent,fulfilled,2025-08-02
fa87d6d2-3532-41df-b29f-adf768e44d18,hospital_7,O+,plasma,3,2025-09-12,routine,fulfilled,2025-09-14
b8f2595e-5a98-49fc-bb8c-8d4005dc40e7,hospital_8,O+,platelets,3,2025-07-25,routine,fulfilled,2025-07-27
ce979578-455d-4743-aebb-e7af3813c432,hospital_7,AB+,plasma,3,2025-08-27,urgent,fulfilled,2025-08-30
8ca9993b-00e5-42c3-bb58-0a9cff569041,hospital_8,B-,platelets,6,2025-07-17,urgent,fulfilled,2025-07-18
2d66c0d1-b643-4fb7-879f-96dc544c4fdd,hospital_6,A+,platelets,1,2025-09-22,routine,fulfilled,2025-09-22
33893625-1954-4cbb-b839-7bd08267f724,hospital_8,AB-,whole_blood,6,2025-08-25,routine,fulfilled,2025-08-25
fe8ea0c7-f818-4d26-b516-e30b96f5ebe9,hospital_1,B-,platelets,6,2025-09-15,urgent,fulfilled,2025-09-16
ed01beb6-1ed4-4962-9502-d4b01c8de5d7,hospital_7,B+,whole_blood,6,2025-09-07,routine,fulfilled,2025-09-07
